{
	"IcoMoonType": "selection",
	"icons": [
		{
			"icon": {
				"paths": [
					"M192 128l640 384-640 384z"
				],
				"attrs": [],
				"isMulticolor": false,
				"tags": [
					"play",
					"player"
				],
				"grid": 16
			},
			"attrs": [],
			"properties": {
				"order": 1,
				"prevSize": 16,
				"ligatures": "play3, player8",
				"name": "play3",
				"id": 285,
				"code": 59648
			},
			"setIdx": 0,
			"setId": 0,
			"iconIdx": 284
		},
		{
			"icon": {
				"paths": [
					"M128 128h320v768h-320zM576 128h320v768h-320z"
				],
				"attrs": [],
				"isMulticolor": false,
				"tags": [
					"pause",
					"player"
				],
				"grid": 16
			},
			"attrs": [],
			"properties": {
				"order": 2,
				"prevSize": 16,
				"ligatures": "pause2, player9",
				"name": "pause2",
				"id": 286,
				"code": 59649
			},
			"setIdx": 0,
			"setId": 0,
			"iconIdx": 285
		},
		{
			"icon": {
				"paths": [
					"M256 896v-768h128v352l320-320v704l-320-320v352z"
				],
				"attrs": [],
				"isMulticolor": false,
				"tags": [
					"previous",
					"player"
				],
				"grid": 16
			},
			"attrs": [],
			"properties": {
				"order": 3,
				"prevSize": 16,
				"ligatures": "previous2, player15",
				"name": "previous2",
				"id": 292,
				"code": 59650
			},
			"setIdx": 0,
			"setId": 0,
			"iconIdx": 291
		},
		{
			"icon": {
				"paths": [
					"M768 128v768h-128v-352l-320 320v-704l320 320v-352z"
				],
				"attrs": [],
				"isMulticolor": false,
				"tags": [
					"next",
					"player"
				],
				"grid": 16
			},
			"attrs": [],
			"properties": {
				"order": 4,
				"prevSize": 16,
				"ligatures": "next2, player16",
				"name": "next2",
				"id": 293,
				"code": 59651
			},
			"setIdx": 0,
			"setId": 0,
			"iconIdx": 292
		}
	],
	"height": 1024,
	"metadata": {
		"name": "icomoon"
	},
	"preferences": {
		"showGlyphs": true,
		"showQuickUse": true,
		"showQuickUse2": true,
		"showSVGs": true,
		"fontPref": {
			"prefix": "icon-",
			"metadata": {
				"fontFamily": "icomoon",
				"majorVersion": 1,
				"minorVersion": 0
			},
			"metrics": {
				"emSize": 1024,
				"baseline": 6.25,
				"whitespace": 50
			},
			"embed": false
		},
		"imagePref": {
			"prefix": "icon-",
			"png": true,
			"useClassSelector": true,
			"color": 4473924,
			"bgColor": 16777215,
			"classSelector": ".icon"
		},
		"historySize": 100,
		"showCodes": true,
		"gridSize": 16
	}
}